"No.","Time","Source","Destination","Protocol","Length","Packet Sequence Number","Info"
"2","5.848123","0.0.0.0","255.255.255.255","DHCP","324","","DHCP Discover - Transaction ID 0xe86d86a0"
"11","17.683493","192.168.201.4","192.168.201.2","RRoCE","330","0","RC RDMA Write First QP=0x0002f1 "
"12","17.683494","192.168.201.4","192.168.201.2","RRoCE","314","1","RC RDMA Write Middle QP=0x0002f1 "
"13","17.683495","192.168.201.4","192.168.201.2","RRoCE","314","2","RC RDMA Write Middle QP=0x0002f1 "
"14","17.683496","192.168.201.4","192.168.201.2","RRoCE","314","3","RC RDMA Write Middle QP=0x0002f1 "
"15","17.683497","192.168.201.4","192.168.201.2","RRoCE","314","4","RC RDMA Write Middle QP=0x0002f1 "
"16","17.683497","192.168.201.4","192.168.201.2","RRoCE","314","5","RC RDMA Write Middle QP=0x0002f1 "
"17","17.683498","192.168.201.4","192.168.201.2","RRoCE","314","6","RC RDMA Write Middle QP=0x0002f1 "
"18","17.683498","192.168.201.4","192.168.201.2","RRoCE","266","7","RC RDMA Write Last QP=0x0002f1 "
"19","17.683499","192.168.201.2","192.168.201.4","RRoCE","330","0","RC RDMA Write First QP=0x0002f1 "
"20","17.683499","192.168.201.2","192.168.201.4","RRoCE","314","1","RC RDMA Write Middle QP=0x0002f1 "
"21","17.683500","192.168.201.2","192.168.201.4","RRoCE","314","2","RC RDMA Write Middle QP=0x0002f1 "
"22","17.683500","192.168.201.2","192.168.201.4","RRoCE","314","3","RC RDMA Write Middle QP=0x0002f1 "
"23","17.683501","192.168.201.2","192.168.201.4","RRoCE","314","4","RC RDMA Write Middle QP=0x0002f1 "
"24","17.683501","192.168.201.2","192.168.201.4","RRoCE","314","5","RC RDMA Write Middle QP=0x0002f1 "
"25","17.683502","192.168.201.2","192.168.201.4","RRoCE","314","6","RC RDMA Write Middle QP=0x0002f1 "
"26","17.683502","192.168.201.2","192.168.201.4","RRoCE","266","7","RC RDMA Write Last QP=0x0002f1 "
"29","17.683522","192.168.201.4","192.168.201.2","RRoCE","330","8","RC RDMA Write First QP=0x0002f1 "
"30","17.683523","192.168.201.4","192.168.201.2","RRoCE","314","9","RC RDMA Write Middle QP=0x0002f1 "
"31","17.683524","192.168.201.4","192.168.201.2","RRoCE","314","10","RC RDMA Write Middle QP=0x0002f1 "
"32","17.683524","192.168.201.4","192.168.201.2","RRoCE","314","11","RC RDMA Write Middle QP=0x0002f1 "
"33","17.683525","192.168.201.4","192.168.201.2","RRoCE","314","12","RC RDMA Write Middle QP=0x0002f1 "
"34","17.683574","192.168.201.4","192.168.201.2","RRoCE","314","13","RC RDMA Write Middle QP=0x0002f1 "
"35","17.683575","192.168.201.4","192.168.201.2","RRoCE","314","14","RC RDMA Write Middle QP=0x0002f1 "
"36","17.683575","192.168.201.4","192.168.201.2","RRoCE","266","15","RC RDMA Write Last QP=0x0002f1 "
"37","17.683575","192.168.201.2","192.168.201.4","RRoCE","330","8","RC RDMA Write First QP=0x0002f1 "
"38","17.683576","192.168.201.2","192.168.201.4","RRoCE","314","9","RC RDMA Write Middle QP=0x0002f1 "
"39","17.683577","192.168.201.2","192.168.201.4","RRoCE","314","10","RC RDMA Write Middle QP=0x0002f1 "
"40","17.683577","192.168.201.2","192.168.201.4","RRoCE","314","11","RC RDMA Write Middle QP=0x0002f1 "
"41","17.683577","192.168.201.2","192.168.201.4","RRoCE","314","12","RC RDMA Write Middle QP=0x0002f1 "
"42","17.683578","192.168.201.2","192.168.201.4","RRoCE","314","13","RC RDMA Write Middle QP=0x0002f1 "
"43","17.683578","192.168.201.2","192.168.201.4","RRoCE","314","14","RC RDMA Write Middle QP=0x0002f1 "
"44","17.683579","192.168.201.2","192.168.201.4","RRoCE","266","15","RC RDMA Write Last QP=0x0002f1 "
"48","17.683634","192.168.201.4","192.168.201.2","RRoCE","330","16","RC RDMA Write First QP=0x0002f1 "
"49","17.683635","192.168.201.4","192.168.201.2","RRoCE","314","17","RC RDMA Write Middle QP=0x0002f1 "
"50","17.683635","192.168.201.4","192.168.201.2","RRoCE","314","18","RC RDMA Write Middle QP=0x0002f1 "
"51","17.683636","192.168.201.4","192.168.201.2","RRoCE","314","19","RC RDMA Write Middle QP=0x0002f1 "
"52","17.683636","192.168.201.4","192.168.201.2","RRoCE","314","20","RC RDMA Write Middle QP=0x0002f1 "
"53","17.683637","192.168.201.4","192.168.201.2","RRoCE","314","21","RC RDMA Write Middle QP=0x0002f1 "
"54","17.683637","192.168.201.4","192.168.201.2","RRoCE","314","22","RC RDMA Write Middle QP=0x0002f1 "
"55","17.683638","192.168.201.4","192.168.201.2","RRoCE","266","23","RC RDMA Write Last QP=0x0002f1 "
"56","17.683639","192.168.201.2","192.168.201.4","RRoCE","330","16","RC RDMA Write First QP=0x0002f1 "
"57","17.683639","192.168.201.2","192.168.201.4","RRoCE","314","17","RC RDMA Write Middle QP=0x0002f1 "
"58","17.683640","192.168.201.2","192.168.201.4","RRoCE","314","18","RC RDMA Write Middle QP=0x0002f1 "
"59","17.683640","192.168.201.2","192.168.201.4","RRoCE","314","19","RC RDMA Write Middle QP=0x0002f1 "
"60","17.683640","192.168.201.2","192.168.201.4","RRoCE","314","20","RC RDMA Write Middle QP=0x0002f1 "
"61","17.683641","192.168.201.2","192.168.201.4","RRoCE","314","21","RC RDMA Write Middle QP=0x0002f1 "
"62","17.683655","192.168.201.2","192.168.201.4","RRoCE","314","22","RC RDMA Write Middle QP=0x0002f1 "
"63","17.683655","192.168.201.2","192.168.201.4","RRoCE","266","23","RC RDMA Write Last QP=0x0002f1 "
"67","17.683686","192.168.201.4","192.168.201.2","RRoCE","330","24","RC RDMA Write First QP=0x0002f1 "
"68","17.683686","192.168.201.4","192.168.201.2","RRoCE","314","25","RC RDMA Write Middle QP=0x0002f1 "
"69","17.683687","192.168.201.4","192.168.201.2","RRoCE","314","26","RC RDMA Write Middle QP=0x0002f1 "
"70","17.683687","192.168.201.4","192.168.201.2","RRoCE","314","27","RC RDMA Write Middle QP=0x0002f1 "
"71","17.683688","192.168.201.4","192.168.201.2","RRoCE","314","28","RC RDMA Write Middle QP=0x0002f1 "
"72","17.683688","192.168.201.4","192.168.201.2","RRoCE","314","29","RC RDMA Write Middle QP=0x0002f1 "
"73","17.683689","192.168.201.4","192.168.201.2","RRoCE","314","30","RC RDMA Write Middle QP=0x0002f1 "
"74","17.683689","192.168.201.4","192.168.201.2","RRoCE","266","31","RC RDMA Write Last QP=0x0002f1 "
"75","17.683690","192.168.201.2","192.168.201.4","RRoCE","330","24","RC RDMA Write First QP=0x0002f1 "
"76","17.683690","192.168.201.2","192.168.201.4","RRoCE","314","25","RC RDMA Write Middle QP=0x0002f1 "
"77","17.683691","192.168.201.2","192.168.201.4","RRoCE","314","26","RC RDMA Write Middle QP=0x0002f1 "
"78","17.683692","192.168.201.2","192.168.201.4","RRoCE","314","27","RC RDMA Write Middle QP=0x0002f1 "
"79","17.683692","192.168.201.2","192.168.201.4","RRoCE","314","28","RC RDMA Write Middle QP=0x0002f1 "
"80","17.683693","192.168.201.2","192.168.201.4","RRoCE","314","29","RC RDMA Write Middle QP=0x0002f1 "
"81","17.683693","192.168.201.2","192.168.201.4","RRoCE","314","30","RC RDMA Write Middle QP=0x0002f1 "
"82","17.683693","192.168.201.2","192.168.201.4","RRoCE","266","31","RC RDMA Write Last QP=0x0002f1 "
"86","17.683747","192.168.201.4","192.168.201.2","RRoCE","330","32","RC RDMA Write First QP=0x0002f1 "
"87","17.683747","192.168.201.4","192.168.201.2","RRoCE","314","33","RC RDMA Write Middle QP=0x0002f1 "
"88","17.683748","192.168.201.4","192.168.201.2","RRoCE","314","34","RC RDMA Write Middle QP=0x0002f1 "
"89","17.683748","192.168.201.4","192.168.201.2","RRoCE","314","35","RC RDMA Write Middle QP=0x0002f1 "
"90","17.683749","192.168.201.4","192.168.201.2","RRoCE","314","36","RC RDMA Write Middle QP=0x0002f1 "
"91","17.683764","192.168.201.4","192.168.201.2","RRoCE","314","37","RC RDMA Write Middle QP=0x0002f1 "
"92","17.683765","192.168.201.4","192.168.201.2","RRoCE","314","38","RC RDMA Write Middle QP=0x0002f1 "
"93","17.683765","192.168.201.4","192.168.201.2","RRoCE","266","39","RC RDMA Write Last QP=0x0002f1 "
"94","17.683766","192.168.201.2","192.168.201.4","RRoCE","330","32","RC RDMA Write First QP=0x0002f1 "
"95","17.683767","192.168.201.2","192.168.201.4","RRoCE","314","33","RC RDMA Write Middle QP=0x0002f1 "
"96","17.683767","192.168.201.2","192.168.201.4","RRoCE","314","34","RC RDMA Write Middle QP=0x0002f1 "
"97","17.683768","192.168.201.2","192.168.201.4","RRoCE","314","35","RC RDMA Write Middle QP=0x0002f1 "
"98","17.683768","192.168.201.2","192.168.201.4","RRoCE","314","36","RC RDMA Write Middle QP=0x0002f1 "
"99","17.683769","192.168.201.2","192.168.201.4","RRoCE","314","37","RC RDMA Write Middle QP=0x0002f1 "
"100","17.683769","192.168.201.2","192.168.201.4","RRoCE","314","38","RC RDMA Write Middle QP=0x0002f1 "
"101","17.683770","192.168.201.2","192.168.201.4","RRoCE","266","39","RC RDMA Write Last QP=0x0002f1 "
"105","17.683806","192.168.201.4","192.168.201.2","RRoCE","330","40","RC RDMA Write First QP=0x0002f1 "
"106","17.683807","192.168.201.4","192.168.201.2","RRoCE","314","41","RC RDMA Write Middle QP=0x0002f1 "
"107","17.683808","192.168.201.4","192.168.201.2","RRoCE","314","42","RC RDMA Write Middle QP=0x0002f1 "
"108","17.683808","192.168.201.4","192.168.201.2","RRoCE","314","43","RC RDMA Write Middle QP=0x0002f1 "
"109","17.683809","192.168.201.4","192.168.201.2","RRoCE","314","44","RC RDMA Write Middle QP=0x0002f1 "
"110","17.683809","192.168.201.4","192.168.201.2","RRoCE","314","45","RC RDMA Write Middle QP=0x0002f1 "
"111","17.683810","192.168.201.4","192.168.201.2","RRoCE","314","46","RC RDMA Write Middle QP=0x0002f1 "
"112","17.683810","192.168.201.4","192.168.201.2","RRoCE","266","47","RC RDMA Write Last QP=0x0002f1 "
"113","17.683811","192.168.201.2","192.168.201.4","RRoCE","330","40","RC RDMA Write First QP=0x0002f1 "
"114","17.683811","192.168.201.2","192.168.201.4","RRoCE","314","41","RC RDMA Write Middle QP=0x0002f1 "
"115","17.683812","192.168.201.2","192.168.201.4","RRoCE","314","42","RC RDMA Write Middle QP=0x0002f1 "
"116","17.683812","192.168.201.2","192.168.201.4","RRoCE","314","43","RC RDMA Write Middle QP=0x0002f1 "
"117","17.683813","192.168.201.2","192.168.201.4","RRoCE","314","44","RC RDMA Write Middle QP=0x0002f1 "
"118","17.683813","192.168.201.2","192.168.201.4","RRoCE","314","45","RC RDMA Write Middle QP=0x0002f1 "
"119","17.683826","192.168.201.2","192.168.201.4","RRoCE","314","46","RC RDMA Write Middle QP=0x0002f1 "
"120","17.683827","192.168.201.2","192.168.201.4","RRoCE","266","47","RC RDMA Write Last QP=0x0002f1 "
"124","17.683867","192.168.201.4","192.168.201.2","RRoCE","330","48","RC RDMA Write First QP=0x0002f1 "
"125","17.683868","192.168.201.4","192.168.201.2","RRoCE","314","49","RC RDMA Write Middle QP=0x0002f1 "
"126","17.683869","192.168.201.4","192.168.201.2","RRoCE","314","50","RC RDMA Write Middle QP=0x0002f1 "
"127","17.683869","192.168.201.4","192.168.201.2","RRoCE","314","51","RC RDMA Write Middle QP=0x0002f1 "
"128","17.683870","192.168.201.4","192.168.201.2","RRoCE","314","52","RC RDMA Write Middle QP=0x0002f1 "
"129","17.683870","192.168.201.4","192.168.201.2","RRoCE","314","53","RC RDMA Write Middle QP=0x0002f1 "
"130","17.683871","192.168.201.4","192.168.201.2","RRoCE","314","54","RC RDMA Write Middle QP=0x0002f1 "
"131","17.683871","192.168.201.4","192.168.201.2","RRoCE","266","55","RC RDMA Write Last QP=0x0002f1 "
"132","17.683872","192.168.201.2","192.168.201.4","RRoCE","330","48","RC RDMA Write First QP=0x0002f1 "
"133","17.683872","192.168.201.2","192.168.201.4","RRoCE","314","49","RC RDMA Write Middle QP=0x0002f1 "
"134","17.683873","192.168.201.2","192.168.201.4","RRoCE","314","50","RC RDMA Write Middle QP=0x0002f1 "
"135","17.683873","192.168.201.2","192.168.201.4","RRoCE","314","51","RC RDMA Write Middle QP=0x0002f1 "
"136","17.683874","192.168.201.2","192.168.201.4","RRoCE","314","52","RC RDMA Write Middle QP=0x0002f1 "
"137","17.683874","192.168.201.2","192.168.201.4","RRoCE","314","53","RC RDMA Write Middle QP=0x0002f1 "
"138","17.683874","192.168.201.2","192.168.201.4","RRoCE","314","54","RC RDMA Write Middle QP=0x0002f1 "
"139","17.683875","192.168.201.2","192.168.201.4","RRoCE","266","55","RC RDMA Write Last QP=0x0002f1 "
"143","17.683929","192.168.201.4","192.168.201.2","RRoCE","330","56","RC RDMA Write First QP=0x0002f1 "
"144","17.683929","192.168.201.4","192.168.201.2","RRoCE","314","57","RC RDMA Write Middle QP=0x0002f1 "
"145","17.683930","192.168.201.4","192.168.201.2","RRoCE","314","58","RC RDMA Write Middle QP=0x0002f1 "
"146","17.683930","192.168.201.4","192.168.201.2","RRoCE","314","59","RC RDMA Write Middle QP=0x0002f1 "
"147","17.683931","192.168.201.4","192.168.201.2","RRoCE","314","60","RC RDMA Write Middle QP=0x0002f1 "
"148","17.683945","192.168.201.4","192.168.201.2","RRoCE","314","61","RC RDMA Write Middle QP=0x0002f1 "
"149","17.683945","192.168.201.4","192.168.201.2","RRoCE","314","62","RC RDMA Write Middle QP=0x0002f1 "
"150","17.683945","192.168.201.4","192.168.201.2","RRoCE","266","63","RC RDMA Write Last QP=0x0002f1 "
"151","17.683946","192.168.201.2","192.168.201.4","RRoCE","330","56","RC RDMA Write First QP=0x0002f1 "
"152","17.683946","192.168.201.2","192.168.201.4","RRoCE","314","57","RC RDMA Write Middle QP=0x0002f1 "
"153","17.683947","192.168.201.2","192.168.201.4","RRoCE","314","58","RC RDMA Write Middle QP=0x0002f1 "
"154","17.683947","192.168.201.2","192.168.201.4","RRoCE","314","59","RC RDMA Write Middle QP=0x0002f1 "
"155","17.683948","192.168.201.2","192.168.201.4","RRoCE","314","60","RC RDMA Write Middle QP=0x0002f1 "
"156","17.683948","192.168.201.2","192.168.201.4","RRoCE","314","61","RC RDMA Write Middle QP=0x0002f1 "
"157","17.683948","192.168.201.2","192.168.201.4","RRoCE","314","62","RC RDMA Write Middle QP=0x0002f1 "
"158","17.683949","192.168.201.2","192.168.201.4","RRoCE","266","63","RC RDMA Write Last QP=0x0002f1 "
"162","17.683991","192.168.201.4","192.168.201.2","RRoCE","330","64","RC RDMA Write First QP=0x0002f1 "
"163","17.683991","192.168.201.4","192.168.201.2","RRoCE","314","65","RC RDMA Write Middle QP=0x0002f1 "
"164","17.683992","192.168.201.4","192.168.201.2","RRoCE","314","66","RC RDMA Write Middle QP=0x0002f1 "
"165","17.683992","192.168.201.4","192.168.201.2","RRoCE","314","67","RC RDMA Write Middle QP=0x0002f1 "
"166","17.683993","192.168.201.4","192.168.201.2","RRoCE","314","68","RC RDMA Write Middle QP=0x0002f1 "
"167","17.683993","192.168.201.4","192.168.201.2","RRoCE","314","69","RC RDMA Write Middle QP=0x0002f1 "
"168","17.683993","192.168.201.4","192.168.201.2","RRoCE","314","70","RC RDMA Write Middle QP=0x0002f1 "
"169","17.683994","192.168.201.4","192.168.201.2","RRoCE","266","71","RC RDMA Write Last QP=0x0002f1 "
"170","17.683994","192.168.201.2","192.168.201.4","RRoCE","330","64","RC RDMA Write First QP=0x0002f1 "
"171","17.683995","192.168.201.2","192.168.201.4","RRoCE","314","65","RC RDMA Write Middle QP=0x0002f1 "
"172","17.683995","192.168.201.2","192.168.201.4","RRoCE","314","66","RC RDMA Write Middle QP=0x0002f1 "
"173","17.683996","192.168.201.2","192.168.201.4","RRoCE","314","67","RC RDMA Write Middle QP=0x0002f1 "
"174","17.683996","192.168.201.2","192.168.201.4","RRoCE","314","68","RC RDMA Write Middle QP=0x0002f1 "
"175","17.683996","192.168.201.2","192.168.201.4","RRoCE","314","69","RC RDMA Write Middle QP=0x0002f1 "
"176","17.684009","192.168.201.2","192.168.201.4","RRoCE","314","70","RC RDMA Write Middle QP=0x0002f1 "
"177","17.684009","192.168.201.2","192.168.201.4","RRoCE","266","71","RC RDMA Write Last QP=0x0002f1 "
"181","17.684050","192.168.201.4","192.168.201.2","RRoCE","330","72","RC RDMA Write First QP=0x0002f1 "
"182","17.684051","192.168.201.4","192.168.201.2","RRoCE","314","73","RC RDMA Write Middle QP=0x0002f1 "
"183","17.684051","192.168.201.4","192.168.201.2","RRoCE","314","74","RC RDMA Write Middle QP=0x0002f1 "
"184","17.684052","192.168.201.4","192.168.201.2","RRoCE","314","75","RC RDMA Write Middle QP=0x0002f1 "
"185","17.684052","192.168.201.4","192.168.201.2","RRoCE","314","76","RC RDMA Write Middle QP=0x0002f1 "
"186","17.684053","192.168.201.4","192.168.201.2","RRoCE","314","77","RC RDMA Write Middle QP=0x0002f1 "
"187","17.684053","192.168.201.4","192.168.201.2","RRoCE","314","78","RC RDMA Write Middle QP=0x0002f1 "
"188","17.684053","192.168.201.4","192.168.201.2","RRoCE","266","79","RC RDMA Write Last QP=0x0002f1 "
"189","17.684054","192.168.201.2","192.168.201.4","RRoCE","330","72","RC RDMA Write First QP=0x0002f1 "
"190","17.684054","192.168.201.2","192.168.201.4","RRoCE","314","73","RC RDMA Write Middle QP=0x0002f1 "
"191","17.684055","192.168.201.2","192.168.201.4","RRoCE","314","74","RC RDMA Write Middle QP=0x0002f1 "
"192","17.684055","192.168.201.2","192.168.201.4","RRoCE","314","75","RC RDMA Write Middle QP=0x0002f1 "
"193","17.684056","192.168.201.2","192.168.201.4","RRoCE","314","76","RC RDMA Write Middle QP=0x0002f1 "
"194","17.684056","192.168.201.2","192.168.201.4","RRoCE","314","77","RC RDMA Write Middle QP=0x0002f1 "
"195","17.684057","192.168.201.2","192.168.201.4","RRoCE","314","78","RC RDMA Write Middle QP=0x0002f1 "
"196","17.684057","192.168.201.2","192.168.201.4","RRoCE","266","79","RC RDMA Write Last QP=0x0002f1 "
